{
  "AttackLeft": {
    "Frame0": [ 64.0, 256.0, 1.0, 193.0 ],
    "Frame1": [ 128.0, 256.0, 65.0, 193.0 ],
    "Frame2": [ 192.0, 256.0, 129.0, 193.0 ],
    "Frame3": [ 256.0, 256.0, 193.0, 193.0 ],
    "Frame4": [ 64.0, 320.0, 1.0, 257.0 ],
    "NumFrames": 5,
    "Repeating": false,
    "SecsPerFrame": 0.0100000000474974513
  },
  "AttackRight": {
    "Frame0": [ 1.0, 256.0, 64.0, 193.0 ],
    "Frame1": [ 65.0, 256.0, 128.0, 193.0 ],
    "Frame2": [ 129.0, 256.0, 192.0, 193.0 ],
    "Frame3": [ 193.0, 256.0, 256.0, 193.0 ],
    "Frame4": [ 1.0, 320.0, 64.0, 257.0 ],
    "NumFrames": 5,
    "Repeating": false,
    "SecsPerFrame": 0.0100000000474974513
  },
  "IdleLeft": {
    "Frame0": [ 64.0, 64.0, 1.0, 1.0 ],
    "Frame1": [ 128.0, 64.0, 65.0, 1.0 ],
    "Frame2": [ 192.0, 64.0, 129.0, 1.0 ],
    "Frame3": [ 256.0, 64.0, 193.0, 1.0 ],
    "NumFrames": 4,
    "Repeating": true,
    "SecsPerFrame": 0.20000000074505806
  },
  "IdleRight": {
    "Frame0": [ 1.0, 64.0, 64.0, 1.0 ],
    "Frame1": [ 65.0, 64.0, 128.0, 1.0 ],
    "Frame2": [ 129.0, 64.0, 192.0, 1.0 ],
    "Frame3": [ 193.0, 64.0, 256.0, 1.0 ],
    "NumFrames": 4,
    "Repeating": true,
    "SecsPerFrame": 0.20000000074505806
  },
  "MoveLeft": {
    "Frame0": [ 64.0, 128.0, 1.0, 65.0 ],
    "Frame1": [ 128.0, 128.0, 65.0, 65.0 ],
    "Frame2": [ 192.0, 128.0, 129.0, 65.0 ],
    "Frame3": [ 256.0, 128.0, 193.0, 65.0 ],
    "Frame4": [ 64.0, 192.0, 1.0, 129.0 ],
    "Frame5": [ 128.0, 192.0, 65.0, 129.0 ],
    "Frame6": [ 192.0, 192.0, 129.0, 129.0 ],
    "Frame7": [ 256.0, 192.0, 193.0, 129.0 ],
    "NumFrames": 8,
    "Repeating": true,
    "SecsPerFrame": 0.06250000074505806
  },
  "MoveRight": {
    "Frame0": [ 1.0, 128.0, 64.0, 65.0 ],
    "Frame1": [ 65.0, 128.0, 128.0, 65.0 ],
    "Frame2": [ 129.0, 128.0, 192.0, 65.0 ],
    "Frame3": [ 193.0, 128.0, 256.0, 65.0 ],
    "Frame4": [ 1.0, 192.0, 64.0, 129.0 ],
    "Frame5": [ 65.0, 192.0, 128.0, 129.0 ],
    "Frame6": [ 129.0, 192.0, 192.0, 129.0 ],
    "Frame7": [ 193.0, 192.0, 256.0, 129.0 ],
    "NumFrames": 8,
    "Repeating": true,
    "SecsPerFrame": 0.06250000074505806
  },
  "DamageLeft": {
    "Frame0": [ 128.0, 320.0, 65.0, 257.0 ],
    "Frame1": [ 192.0, 320.0, 129.0, 257.0 ],
    "NumFrames": 2,
    "Repeating": false,
    "SecsPerFrame": 0.10000000074505806
  },
  "DamageRight": {
    "Frame0": [ 65.0, 320.0, 128.0, 257.0 ],
    "Frame1": [ 129.0, 320.0, 192.0, 257.0 ],
    "NumFrames": 2,
    "Repeating": false,
    "SecsPerFrame": 0.10000000074505806
  },
  "DashRight": {
    "Frame0": [ 193.0, 320.0, 256.0, 257.0 ],
    "Frame1": [ 1.0, 384.0, 64.0, 321.0 ],
    "NumFrames": 2,
    "Repeating": false,
    "SecsPerFrame": 1.0
  },
  "DeathRight": {
    "Frame0": [ 65.0, 384.0, 128.0, 321.0 ],
    "Frame1": [ 129.0, 384.0, 192.0, 321.0 ],
    "Frame2": [ 193.0, 384.0, 256.0, 321.0 ],
    "Frame3": [ 1.0, 448.0, 64.0, 385.0 ],
    "Frame4": [ 65.0, 448.0, 128.0, 385.0 ],
    "Frame5": [ 129.0, 448.0, 192.0, 385.0 ],
    "NumFrames": 6,
    "Repeating": false,
    "SecsPerFrame": 0.30000001192092896
  },
  "DashLeft": {
    "Frame0": [ 256.0, 320.0, 193.0, 257.0 ],
    "Frame1": [ 64.0, 384.0, 1.0, 321.0 ],
    "NumFrames": 2,
    "Repeating": false,
    "SecsPerFrame": 1.0
  },
  "DeathLeft": {
    "Frame0": [ 128.0, 384.0, 65.0, 321.0 ],
    "Frame1": [ 192.0, 384.0, 129.0, 321.0 ],
    "Frame2": [ 256.0, 384.0, 193.0, 321.0 ],
    "Frame3": [ 64.0, 448.0, 1.0, 385.0 ],
    "Frame4": [ 128.0, 448.0, 65.0, 385.0 ],
    "Frame5": [ 192.0, 448.0, 129.0, 385.0 ],
    "NumFrames": 6,
    "Repeating": false,
    "SecsPerFrame": 0.30000001192092896
  }
}